APLICAÇÃO;ORIGEM;RELACIONAMENTO ;DESTINO;CMD CKECK TIPO;LOCALIZAÇÃO
[Infra] Discado;SWSOP096;RODA EM;HWSEF003;na;
[Infra] Discado;HWSEF003;CONECTADO A;HWSWI001;na;
[Infra] Discado;SWSOP097;RODA EM;HWSEF004;na;
[Infra] Discado;HWSEF004;CONECTADO A;HWSWI001;na;
[Infra] Discado;HWROT021;CONECTADO A;HWSWI001;na;
[Infra] Discado;HWSER003;CONECTADO A;HWSWI124;na;
[Infra] Discado;HWSWI124;CONECTADO A;HWSWI113;na;
[Infra] Discado;HWSWI113;CONECTADO A;HWSWI001;na;
[Infra] CIC;SWSVC013;RODA EM;HWSER012;na;
[Infra] CIC;SWSVC014;RODA EM;HWSER013;na;
[Infra] CIC;HWSEF001;CONECTADO A;HWSWI001;na;
[Infra] CIC;HWSWI001;CONECTADO A;HWSWI002;na;
[Infra] CIC;HWSEF002;CONECTADO A;HWSWI001;na;
[Infra] CIC;HWSER012;CONECTADO A;HWSWI124;na;
[Infra] CIC;HWSER013;CONECTADO A;HWSWI124;na;
[Infra] CIC;HWSWI124;CONECTADO A;HWSWI113;na;
[Infra] CIC;HWSWI113;CONECTADO A;HWSWI001;na;
[Infra] Maracana;HWSWI005;CONECTADO A;HWROT003;na;
[Infra] Maracana;HWSWI114;CONECTADO A;HWSWI005;na;
[Infra] Maracana;HWSWI115;CONECTADO A;HWSWI005;na;
[Infra] Maracana;HWSWI119;CONECTADO A;HWSWI005;na;
[Infra] Maracana;HWSWI116;CONECTADO A;HWSWI005;na;
[Infra] Maracana;HWSWI117;CONECTADO A;HWSWI005;na;
[Infra] Maracana;HWSWI118;CONECTADO A;HWSWI119;na;
[Infra] Maracana;HWSEF005;CONECTADO A;HWSWI005;na;
[Infra] Maracana;HWSER010;CONECTADO A;HWSWI005;na;
[Infra] Serpro;HWSEF006;CONECTADO A;HWSWI007;na;
[Infra] Serpro;HWIBM001;CONECTADO A;HWSWI007;na;
[Infra] Serpro;HWSER131;CONECTADO A;HWSWI007;na;
[Infra] Serpro;HWSER303;CONECTADO A;HWSWI007;na;
[Infra] Serpro;HWSWI007;CONECTADO A;HWROT004;na;
[Infra] Serpro;HWSWI016;CONECTADO A;HWSWI007;na;
[Infra] Serpro;HWSWI007;CONECTADO A;HWROT005;na;
[Infra] Serpro;HWSER262;CONECTADO A;HWSWI007;na;
[Infra] Serpro;HWSER263;CONECTADO A;HWSWI007;na;
[Infra] Serpro;HWSER278;CONECTADO A;HWSWI007;na;
[Infra] Serpro;SWWEB243;CONECTADO A;HWSER278;HTTP;
[Infra] NC;HWROT013;CONECTADO A;HWROT007;na;
[Infra] NC;HWROT012;CONECTADO A;HWROT007;na;
[Infra] NC;HWROT011;CONECTADO A;HWROT007;na;
[Infra] NC;HWROT010;CONECTADO A;HWROT007;na;
[Infra] NC;HWROT009;CONECTADO A;HWROT007;na;
[Infra] NC;HWROT008;CONECTADO A;HWROT007;na;
[Infra] NC;HWROT017;CONECTADO A;HWROT007;na;
[Infra] NC;HWROT002;CONECTADO A;HWROT007;na;
[Infra] NC;HWROT003;CONECTADO A;HWROT007;na;
[Infra] NC;HWROT004;CONECTADO A;HWROT007;na;
[Infra] NC;HWROT005;CONECTADO A;HWROT007;na;
[Infra] NC;HWROT016;CONECTADO A;HWROT007;na;
[Infra] NC;HWROT018;CONECTADO A;HWROT007;na;
[Infra] NC;HWROT015;CONECTADO A;HWROT007;na;
[Infra] NC;HWROT014;CONECTADO A;HWROT007;na;
[Infra] NC;HWROT025;CONECTADO A;HWROT007;na;
[Infra] NC;HWROT026;CONECTADO A;HWROT007;na;
[Infra] NC;HWROT027;CONECTADO A;HWROT007;na;
[Infra] NC;HWROT028;CONECTADO A;HWROT007;na;
[Infra] NC;HWROT029;CONECTADO A;HWROT007;na;
[Infra] NC;HWROT030;CONECTADO A;HWROT007;na;
[Infra] NC;HWROT031;CONECTADO A;HWROT007;na;
[Infra] NC;HWROT032;CONECTADO A;HWROT007;na;
[Infra] NC;HWROT037;CONECTADO A;HWROT007;na;
[Infra] NC;HWROT038;CONECTADO A;HWROT007;na;
[Infra] NC;HWROT039;CONECTADO A;HWROT007;na;
[Infra] NC;HWROT040;CONECTADO A;HWROT007;na;
[Infra] NC;HWROT046;CONECTADO A;HWROT007;na;
[Infra] NC;HWROT048;CONECTADO A;HWROT007;na;
[Infra] NC;HWROT049;CONECTADO A;HWROT007;na;
[Infra] NC;HWROT050;CONECTADO A;HWROT007;na;
[Infra] NC;HWROT051;CONECTADO A;HWROT007;na;
[Infra] SEGOV;HWROT052;CONECTADO A;HWSWI002;na;
[Infra] SEGOV;HWROT053;CONECTADO A;HWSWI002;na;
[Infra] SEGOV;HWROT054;CONECTADO A;HWSWI002;na;
[Infra] SEGOV;HWROT055;CONECTADO A;HWSWI002;na;
[Infra] SEGOV;HWROT056;CONECTADO A;HWSWI002;na;
[Infra] SEGOV;HWROT057;CONECTADO A;HWSWI002;na;
[Infra] SEGOV;HWROT058;CONECTADO A;HWSWI002;na;
[Infra] SEGOV;HWROT059;CONECTADO A;HWSWI002;na;
[Infra] SEGOV;HWROT060;CONECTADO A;HWSWI002;na;
[Infra] SEGOV;HWROT061;CONECTADO A;HWSWI002;na;
[Infra] SEGOV;HWROT062;CONECTADO A;HWSWI002;na;
[Infra] SEGOV;HWROT063;CONECTADO A;HWSWI002;na;
[Infra] SEGOV;HWROT064;CONECTADO A;HWSWI002;na;
[Infra] SEGOV;HWROT065;CONECTADO A;HWSWI002;na;
[Infra] Palacio;HWSWI006;CONECTADO A;HWROT002;na;
[Infra] Palacio;HWSWI082;CONECTADO A;HWSWI006;na;
[Infra] Palacio;HWSWI083;CONECTADO A;HWSWI006;na;
[Infra] Palacio;HWSWI080;CONECTADO A;HWSWI006;na;
[Infra] Palacio;HWSWI120;CONECTADO A;HWSWI006;na;
[Infra] Palacio;HWSWI122;CONECTADO A;HWSWI006;na;
[Infra] Palacio;HWSWI130;CONECTADO A;HWSWI006;na;
[Infra] Palacio;HWSWI079;CONECTADO A;HWSWI006;na;
[Infra] Palacio;HWSWI078;CONECTADO A;HWSWI006;na;
[Infra] Palacio;HWSER011;CONECTADO A;HWSWI006;na;
[Infra] Palacio;HWSER230;CONECTADO A;HWSWI006;na;
[Infra] Palacio;HWSER118;CONECTADO A;HWSWI120;na;
[Infra] Palacio;HWROT033;CONECTADO A;Laranjeiras;na;
[Infra] Palacio;HWROT034;CONECTADO A;Laranjeiras;na;
[Infra] Palacio;HWROT046;CONECTADO A;Laranjeiras;na;
[Infra] Palacio;HWAPS025;CONECTADO A;HWROT034;na;
[Infra] Palacio;HWROT035;CONECTADO A;Heliporto;na;
[Infra] Palacio;HWSWI126;CONECTADO A;HWROT035;na;
[Infra] Palacio;HWAPS026;CONECTADO A;HWSWI126;na;
[Infra] Palacio;HWAPS027;CONECTADO A;HWSWI126;na;
[Infra] Palacio;HWROT036;CONECTADO A;Rio_Solidario;na;
[Infra] Palacio;HWROT045;CONECTADO A;HWSWI080;na;
[Infra] Palacio;HWSWI131;CONECTADO A;HWSWI006;na;
[Infra] Palacio;HWSER251;CONECTADO A;HWSWI120;na;
[Infra] PROXY;SWSVC013;RODA EM;HWSER012;HTTP;
[Infra] PROXY;SWSOP029;RODA EM;HWSER012;PING;
[Infra] PROXY;SWSVC014;RODA EM;HWSER013;HTTP;
[Infra] PROXY;SWSOP030;RODA EM;HWSER013;PING;
[Infra] PROXY;SWSVC012;RODA EM;HWVIP003;HTTP;
[Infra] PROXY;SWSVC037;RODA EM;HWSER236;HTTP;
[Infra] PROXY;SWSVC038;RODA EM;HWSER237;HTTP;
Correio;SWVSR001;Executado em;HWVIP001;IMAP;
Correio;SWVSR002;Executado em;HWVIP001;SMTP;
Correio;SWVSR012;Executado em;HWVIP001;POP3S;
Correio;SWVSR013;Executado em;HWVIP001;IMAPS;
Correio;SWVSR014;Executado em;HWVIP002;HTTP;
Correio;SWVSR015;Executado em;HWVIP002;HTTPS;
[Infra] Correio;HWSER022;CONECTADO A;HWVIP001;na;
[Infra] Correio;SWSVC022;RODA EM;HWSER022;SMTP;
[Infra] Correio;HWSER036;CONECTADO A;HWVIP001;na;
[Infra] Correio;SWSVC023;RODA EM;HWSER036;SMTP;
[Infra] Correio;HWSER024;CONECTADO A;HWVIP001;na;
[Infra] Correio;SWSVC024;RODA EM;HWSER024;HTTP;
[Infra] Correio;HWSER025;CONECTADO A;HWVIP001;na;
[Infra] Correio;SWSVC025;RODA EM;HWSER025;HTTP;
[Infra] Correio;HWSER026;CONECTADO A;HWVIP001;na;
[Infra] Correio;SWSVC026;RODA EM;HWSER022;IMAP;
[Infra] Correio;HWSER027;CONECTADO A;HWVIP001;na;
[Infra] Correio;SWSVC027;RODA EM;HWSER036;IMAP;
[Infra] Correio;HWSER028;CONECTADO A;HWVIP001;na;
[Infra] Correio;HWSER029;CONECTADO A;HWVIP001;na;
[Infra] Correio;SWSVC029;RODA EM;HWSER029;HTTP;
DNS Interno;SWVSR004;Executado em;HWSER004;DNS;
DNS Interno;SWVSR005;Executado em;HWSER005;DNS;
DNS Interno;SWSVC030;Executado em;HWSER302;DNS;
DNS Interno;SWSVC031;Executado em;HWSER031;DNS;
DNS Externo;SWVSR006;Executado em;HWSER006;DNS;
DNS Externo;SWVSR007;Executado em;HWSER007;DNS;
[Infra] CAERJ;HWSWI017;CONECTADO A;HWSWI001;na;
[Infra] CAERJ;HWSWI018;CONECTADO A;HWSWI001;na;
[Infra] CAERJ;HWSWI019;CONECTADO A;HWSWI001;na;
[Infra] CAERJ;HWSWI020;CONECTADO A;HWSWI019;na;
[Infra] CAERJ;HWSWI021;CONECTADO A;HWSWI001;na;
[Infra] CAERJ;HWSWI022;CONECTADO A;HWSWI021;na;
[Infra] CAERJ;HWSWI023;CONECTADO A;HWSWI001;na;
[Infra] CAERJ;HWSWI024;CONECTADO A;HWSWI001;na;
[Infra] CAERJ;HWSWI025;CONECTADO A;HWSWI001;na;
[Infra] CAERJ;HWSWI026;CONECTADO A;HWSWI004;na;
[Infra] CAERJ;HWSWI027;CONECTADO A;HWSWI026;na;
[Infra] CAERJ;HWSWI028;CONECTADO A;HWSWI001;na;
[Infra] CAERJ;HWSWI029;CONECTADO A;HWSWI001;na;
[Infra] CAERJ;HWSWI030;CONECTADO A;HWSWI001;na;
[Infra] CAERJ;HWSWI031;CONECTADO A;HWSWI030;na;
[Infra] CAERJ;HWSWI032;CONECTADO A;HWSWI001;na;
[Infra] CAERJ;HWSWI033;CONECTADO A;HWSWI001;na;
[Infra] CAERJ;HWSWI034;CONECTADO A;HWSWI033;na;
[Infra] CAERJ;HWSWI035;CONECTADO A;HWSWI001;na;
[Infra] CAERJ;HWSWI036;CONECTADO A;HWSWI001;na;
[Infra] CAERJ;HWSWI037;CONECTADO A;HWSWI036;na;
[Infra] CAERJ;HWSWI038;CONECTADO A;HWSWI004;na;
[Infra] CAERJ;HWSWI039;CONECTADO A;HWSWI038;na;
[Infra] CAERJ;HWSWI040;CONECTADO A;HWSWI004;na;
[Infra] CAERJ;HWSWI041;CONECTADO A;HWSWI040;na;
[Infra] CAERJ;HWSWI042;CONECTADO A;HWSWI004;na;
[Infra] CAERJ;HWSWI043;CONECTADO A;HWSWI042;na;
[Infra] CAERJ;HWSWI044;CONECTADO A;HWSWI004;na;
[Infra] CAERJ;HWSWI045;CONECTADO A;HWSWI044;na;
[Infra] CAERJ;HWSWI046;CONECTADO A;HWSWI004;na;
[Infra] CAERJ;HWSWI047;CONECTADO A;HWSWI004;na;
[Infra] CAERJ;HWSWI048;CONECTADO A;HWSWI004;na;
[Infra] CAERJ;HWSWI049;CONECTADO A;HWSWI004;na;
[Infra] CAERJ;HWSWI050;CONECTADO A;HWSWI004;na;
[Infra] CAERJ;HWSWI051;CONECTADO A;HWSWI048;na;
[Infra] CAERJ;HWSWI052;CONECTADO A;HWSWI004;na;
[Infra] CAERJ;HWSWI053;CONECTADO A;HWSWI052;na;
[Infra] CAERJ;HWSWI054;CONECTADO A;HWSWI052;na;
[Infra] CAERJ;HWSWI055;CONECTADO A;HWSWI004;na;
[Infra] CAERJ;HWSWI056;CONECTADO A;HWSWI055;na;
[Infra] CAERJ;HWSWI057;CONECTADO A;HWSWI004;na;
[Infra] CAERJ;HWSWI058;CONECTADO A;HWSWI004;na;
[Infra] CAERJ;HWSWI059;CONECTADO A;HWSWI058;na;
[Infra] CAERJ;HWSWI060;CONECTADO A;HWSWI058;na;
[Infra] CAERJ;HWSWI061;CONECTADO A;HWSWI004;na;
[Infra] CAERJ;HWSWI062;CONECTADO A;HWSWI061;na;
[Infra] CAERJ;HWSWI063;CONECTADO A;HWSWI061;na;
[Infra] CAERJ;HWSWI064;CONECTADO A;HWSWI004;na;
[Infra] CAERJ;HWSWI065;CONECTADO A;HWSWI064;na;
[Infra] CAERJ;HWSWI066;CONECTADO A;HWSWI064;na;
[Infra] CAERJ;HWSWI067;CONECTADO A;HWSWI064;na;
[Infra] CAERJ;HWSWI068;CONECTADO A;HWSWI064;na;
[Infra] CAERJ;HWSWI069;CONECTADO A;HWSWI004;na;
[Infra] CAERJ;HWSWI070;CONECTADO A;HWSWI004;na;
[Infra] CAERJ;HWSWI071;CONECTADO A;HWSWI004;na;
[Infra] CAERJ;HWSWI072;CONECTADO A;HWSWI004;na;
[Infra] CAERJ;HWSWI073;CONECTADO A;HWSWI004;na;
[Infra] CAERJ;HWSWI074;CONECTADO A;HWSWI004;na;
[Infra] CAERJ;HWSWI004;CONECTADO A;HWSWI001;na;
[Infra] Datacenter;HWBLA000;FAZ PARTE DE;HWRAC001;na;
[Infra] Datacenter;HWBLA001;FAZ PARTE DE;HWRAC001;na;
[Infra] Datacenter;HWBLA002;FAZ PARTE DE;HWRAC001;na;
[Infra] Datacenter;HWBLA003;FAZ PARTE DE;HWRAC001;na;
[Infra] Datacenter;HWBLA004;FAZ PARTE DE;HWRAC001;na;
[Infra] Datacenter;HWBLA005;FAZ PARTE DE;HWRAC001;na;
[Infra] Datacenter;HWBLA006;FAZ PARTE DE;HWRAC001;na;
[Infra] Datacenter;HWBLA007;FAZ PARTE DE;HWRAC001;na;
[Infra] Datacenter;HWBLA008;FAZ PARTE DE;HWRAC001;na;
[Infra] Datacenter;HWBLA009;FAZ PARTE DE;HWRAC001;na;
[Infra] Datacenter;HWBLA010;FAZ PARTE DE;HWRAC001;na;
[Infra] Datacenter;HWBLA011;FAZ PARTE DE;HWRAC001;na;
[Infra] Datacenter;HWBLA012;FAZ PARTE DE;HWRAC002;na;
[Infra] Datacenter;HWBLA013;FAZ PARTE DE;HWRAC002;na;
[Infra] Datacenter;HWBLA014;FAZ PARTE DE;HWRAC002;na;
[Infra] Datacenter;HWBLA015;FAZ PARTE DE;HWRAC002;na;
[Infra] Datacenter;HWBLA016;FAZ PARTE DE;HWRAC002;na;
[Infra] Datacenter;HWBLA017;FAZ PARTE DE;HWRAC002;na;
[Infra] Datacenter;HWBLA018;FAZ PARTE DE;HWRAC002;na;
[Infra] Datacenter;HWBLA019;FAZ PARTE DE;HWRAC002;na;
[Infra] Datacenter;HWBLA024;FAZ PARTE DE;HWRAC003;na;
[Infra] Datacenter;HWBLA025;FAZ PARTE DE;HWRAC003;na;
[Infra] Datacenter;HWBLA026;FAZ PARTE DE;HWRAC003;na;
[Infra] Datacenter;HWBLA027;FAZ PARTE DE;HWRAC003;na;
[Infra] Datacenter;HWBLA028;FAZ PARTE DE;HWRAC003;na;
[Infra] Datacenter;HWBLA029;FAZ PARTE DE;HWRAC003;na;
[Infra] Datacenter;HWBLA030;FAZ PARTE DE;HWRAC003;na;
[Infra] Datacenter;HWBLA031;FAZ PARTE DE;HWRAC003;na;
[Infra] Datacenter;HWRAC001;CONECTADO A;HWSWI113;na;
[Infra] Datacenter;HWRAC002;CONECTADO A;HWSWI113;na;
[Infra] Datacenter;HWRAC003;CONECTADO A;HWSWI113;na;
[Infra] Datacenter;HWMDS001;CONECTADO A;HWSWI113;na;
[Infra] Datacenter;HWCTL001;CONECTADO A;HWSWI113;na;
[Infra] Datacenter;HWCTL002;CONECTADO A;HWSWI113;na;
[Infra] Datacenter;HWSWI127;CONECTADO A;HWSWI001;na;
[Infra] Datacenter;HWSWI128;CONECTADO A;HWSWI001;na;
[Infra] Datacenter;HWSWI129;CONECTADO A;HWSWI001;na;
[Infra] Datacenter;HWCTL003;CONECTADO A;HWSWI001;na;
[Infra] Datacenter;HWCTL004;CONECTADO A;HWSWI001;na;
[Infra] Datacenter;HWSER123;CONECTADO A;HWSWI001;na;
SEEDUC;SWVMW005;RODA EM;HWSWI113;na;
SEEDUC;SWVMW009;RODA EM;HWSWI113;na;
SEEDUC;SWVMW020;RODA EM;HWSWI113;na;
SEEDUC;SWVMW021;RODA EM;HWSWI113;na;
SEEDUC;SWVMW004;RODA EM;HWBLA000;na;
SEEDUC;SWVMW006;RODA EM;HWBLA000;na;
SEEDUC;SWVMW011;RODA EM;HWBLA000;na;
SEEDUC;SWVMW023;RODA EM;HWBLA000;na;
SEEDUC;SWVMW024;RODA EM;HWBLA000;na;
SEEDUC;SWVMW025;RODA EM;HWBLA000;na;
SEEDUC;SWVMW026;RODA EM;HWBLA000;na;
SEEDUC;SWVMW027;RODA EM;HWBLA000;na;
SEEDUC;SWVMW028;RODA EM;HWBLA000;na;
SEEDUC;SWVMW029;RODA EM;HWBLA000;na;
SEEDUC;SWVMW030;RODA EM;HWBLA000;na;
SEEDUC;SWVMW031;RODA EM;HWBLA000;na;
SEEDUC;SWVMW033;RODA EM;HWBLA014;na;
SEEDUC;SWVMW034;RODA EM;HWBLA014;na;
SEEDUC;SWVMW035;RODA EM;HWBLA014;na;
SEEDUC;SWVMW036;RODA EM;HWBLA014;na;
SEEDUC;SWVMW037;RODA EM;HWBLA014;na;
SEEDUC;SWVMW038;RODA EM;HWBLA014;na;
SEEDUC;SWVMW040;RODA EM;HWBLA014;na;
SEEDUC;SWVMW001;RODA EM;HWBLA012;na;
SEEDUC;SWVMW022;RODA EM;HWBLA012;na;
SEEDUC;SWVMW043;RODA EM;HWBLA012;na;
SEEDUC;SWVMW044;RODA EM;HWBLA012;na;
SEEDUC;SWVMW045;RODA EM;HWBLA012;na;
SEEDUC;SWVMW046;RODA EM;HWBLA012;na;
SEEDUC;SWVMW047;RODA EM;HWBLA012;na;
SEEDUC;SWVMW048;RODA EM;HWBLA012;na;
SEEDUC;SWVMW049;RODA EM;HWBLA013;na;
SEEDUC;SWVMW050;RODA EM;HWBLA013;na;
SEEDUC;SWVMW051;RODA EM;HWBLA013;na;
SEEDUC;SWVMW052;RODA EM;HWBLA013;na;
SEEDUC;SWVMW053;RODA EM;HWBLA013;na;
SEEDUC;SWVMW054;RODA EM;HWBLA013;na;
SEEDUC;SWVMW055;RODA EM;HWBLA013;na;
SEEDUC;SWVMW056;RODA EM;HWBLA013;na;
SEEDUC;SWVMW057;RODA EM;HWBLA013;na;
SEEDUC;SWVMW058;RODA EM;HWBLA013;na;
SEEDUC;SWVMW059;RODA EM;HWBLA013;na;
SEEDUC;SWVMW060;RODA EM;HWBLA013;na;
SEEDUC;SWVMW061;RODA EM;HWBLA001;na;
SEEDUC;SWVMW062;RODA EM;HWBLA002;na;
SEEDUC;SWVMW063;RODA EM;HWBLA002;na;
SEEDUC;SWVMW064;RODA EM;HWBLA055;na;
SEEDUC;SWVMW065;RODA EM;HWBLA055;na;
SEEDUC;SWVMW066;RODA EM;HWBLA055;na;
SEEDUC;SWVMW067;RODA EM;HWBLA055;na;
SEEDUC;SWVMW068;RODA EM;HWBLA055;na;
SEEDUC;SWVMW069;RODA EM;HWBLA062;na;
SEEDUC;SWVMW070;RODA EM;HWBLA062;na;
SEEDUC;SWVMW071;RODA EM;HWBLA062;na;
SEEDUC;SWVMW072;RODA EM;HWBLA062;na;
SEEDUC;SWVMW073;RODA EM;HWBLA063;na;
SEEDUC;SWVMW074;RODA EM;HWBLA063;na;
SEEDUC;SWVMW075;RODA EM;HWBLA063;na;
SEEDUC;SWVMW076;RODA EM;HWBLA063;na;
SEEDUC;SWVMW077;RODA EM;HWBLA063;na;
SEEDUC;SWVMW078;RODA EM;HWBLA063;na;
SEEDUC;SWVMW079;RODA EM;HWBLA063;na;
SEEDUC;SWVMW080;RODA EM;HWBLA063;na;
SEEDUC;SWVMW081;RODA EM;HWBLA063;na;
SEEDUC;SWVMW082;RODA EM;HWBLA060;na;
SEEDUC;SWVMW083;RODA EM;HWBLA060;na;
SEEDUC;SWVMW084;RODA EM;HWBLA060;na;
SEEDUC;HWSER176;CONECTADO A;HWSWI001;na;
SEEDUC;HWSER177;CONECTADO A;HWSWI001;na;
SEEDUC;HWSER178;CONECTADO A;HWSWI001;na;
SEEDUC;HWSER179;CONECTADO A;HWSWI001;na;
SEEDUC;HWSER285;CONECTADO A;HWSWI001;na;
SEEDUC;HWSER286;CONECTADO A;HWSWI001;na;
SEEDUC;HWSER287;CONECTADO A;HWSWI001;na;
SEEDUC;HWSER288;CONECTADO A;HWSWI001;na;
SEEDUC;HWSER289;CONECTADO A;HWSWI001;na;
SEEDUC;HWSER290;CONECTADO A;HWSWI001;na;
SEEDUC;HWSER291;CONECTADO A;HWSWI001;na;
SEEDUC;HWSER292;CONECTADO A;HWSWI001;na;
SEEDUC;HWSER293;CONECTADO A;HWSWI001;na;
SEEDUC;HWSER294;CONECTADO A;HWSWI001;na;
SEEDUC;HWSER295;CONECTADO A;HWSWI001;na;
SEEDUC;HWSER296;CONECTADO A;HWSWI001;na;
SEEDUC;HWSER297;CONECTADO A;HWSWI001;na;
SEEDUC;HWSER298;CONECTADO A;HWSWI001;na;
SEEDUC;HWSER299;CONECTADO A;HWSWI001;na;
SEEDUC;HWSER300;CONECTADO A;HWSWI001;na;
[Infra] SEEDUC;HWSWI088;CONECTADO A;HWSWI023;na;
[Infra] SEEDUC;HWSWI089;CONECTADO A;HWSWI023;na;
[Infra] SEEDUC;HWAPS001;CONECTADO A;HWSWI023;na;
[Infra] SEEDUC;HWAPS002;CONECTADO A;HWSWI023;na;
[Infra] SEEDUC;HWAPS003;CONECTADO A;HWSWI023;na;
[Infra] SEEDUC;HWAPS004;CONECTADO A;HWSWI023;na;
[Infra] SEEDUC;HWSWI090;CONECTADO A;HWSWI069;na;
[Infra] SEEDUC;HWSWI091;CONECTADO A;HWSWI069;na;
[Infra] SEEDUC;HWSWI092;CONECTADO A;HWSWI069;na;
[Infra] SEEDUC;HWAPS005;CONECTADO A;HWSWI069;na;
[Infra] SEEDUC;HWAPS006;CONECTADO A;HWSWI069;na;
[Infra] SEEDUC;HWAPS007;CONECTADO A;HWSWI069;na;
[Infra] SEEDUC;HWAPS008;CONECTADO A;HWSWI069;na;
[Infra] SEEDUC;HWSWI093;CONECTADO A;HWSWI070;na;
[Infra] SEEDUC;HWSWI094;CONECTADO A;HWSWI070;na;
[Infra] SEEDUC;HWSWI095;CONECTADO A;HWSWI070;na;
[Infra] SEEDUC;HWSWI096;CONECTADO A;HWSWI070;na;
[Infra] SEEDUC;HWAPS009;CONECTADO A;HWSWI070;na;
[Infra] SEEDUC;HWAPS010;CONECTADO A;HWSWI070;na;
[Infra] SEEDUC;HWAPS011;CONECTADO A;HWSWI070;na;
[Infra] SEEDUC;HWAPS012;CONECTADO A;HWSWI070;na;
[Infra] SEEDUC;HWSWI097;CONECTADO A;HWSWI072;na;
[Infra] SEEDUC;HWSWI098;CONECTADO A;HWSWI072;na;
[Infra] SEEDUC;HWSWI099;CONECTADO A;HWSWI072;na;
[Infra] SEEDUC;HWSWI100;CONECTADO A;HWSWI072;na;
[Infra] SEEDUC;HWAPS013;CONECTADO A;HWSWI072;na;
[Infra] SEEDUC;HWAPS014;CONECTADO A;HWSWI072;na;
[Infra] SEEDUC;HWAPS015;CONECTADO A;HWSWI072;na;
[Infra] SEEDUC;HWAPS016;CONECTADO A;HWSWI072;na;
[Infra] SEEDUC;HWSWI101;CONECTADO A;HWSWI073;na;
[Infra] SEEDUC;HWSWI102;CONECTADO A;HWSWI073;na;
[Infra] SEEDUC;HWSWI103;CONECTADO A;HWSWI073;na;
[Infra] SEEDUC;HWAPS017;CONECTADO A;HWSWI073;na;
[Infra] SEEDUC;HWAPS018;CONECTADO A;HWSWI073;na;
[Infra] SEEDUC;HWAPS019;CONECTADO A;HWSWI073;na;
[Infra] SEEDUC;HWAPS020;CONECTADO A;HWSWI073;na;
[Infra] SEEDUC;HWSWI104;CONECTADO A;HWSWI074;na;
[Infra] SEEDUC;HWSWI105;CONECTADO A;HWSWI074;na;
[Infra] SEEDUC;HWSWI106;CONECTADO A;HWSWI074;na;
[Infra] SEEDUC;HWSWI107;CONECTADO A;HWSWI074;na;
[Infra] SEEDUC;HWAPS021;CONECTADO A;HWSWI074;na;
[Infra] SEEDUC;HWAPS022;CONECTADO A;HWSWI074;na;
[Infra] SEEDUC;HWAPS023;CONECTADO A;HWSWI074;na;
[Infra] SEEDUC;HWAPS024;CONECTADO A;HWSWI074;na;
[Infra] SEEDUC;HWSWI004;CONECTADO A;HWSWI001;na;
[Infra] SEEDUC;HWSWI023;CONECTADO A;HWSWI001;na;
[Infra] SEEDUC;HWSWI025;CONECTADO A;HWSWI001;na;
[Infra] SEEDUC;HWSWI108;CONECTADO A;HWSWI025;na;
[Infra] SEEDUC;HWSWI109;CONECTADO A;HWSWI025;na;
[Infra] SEEDUC;HWSWI069;CONECTADO A;HWSWI004;na;
[Infra] SEEDUC;HWSWI070;CONECTADO A;HWSWI004;na;
[Infra] SEEDUC;HWSWI072;CONECTADO A;HWSWI004;na;
[Infra] SEEDUC;HWSWI073;CONECTADO A;HWSWI004;na;
[Infra] SEEDUC;HWSWI074;CONECTADO A;HWSWI004;na;
INTRAGOV;SWVMW012;;HWSWI113;na;
INTRAGOV;SWVMW015;;HWSWI113;na;
INTRAGOV;SWVMW016;;HWSWI113;na;
INTRAGOV;SWVMW019;;HWSWI113;na;
INTRAGOV;HWSER020;CONECTADO A;HWSWI113;na;
INTRAGOV;HWSER021;CONECTADO A;HWSWI113;na;
INTRAGOV;HWSER017;CONECTADO A;HWSER053;na;
INTRAGOV;HWSER018;CONECTADO A;HWSER053;na;
INTRAGOV;HWSER053;CONECTADO A;HWSWI113;na;
INTRAGOV;HWSER054;CONECTADO A;HWSWI113;na;
INTRAGOV;HWSER055;CONECTADO A;HWSWI113;na;
[Infra] SEPLAG Consig.;HWSER252;CONECTADO A;HWSWI132;na;
[Infra] SEPLAG Consig.;HWSER253;CONECTADO A;HWSWI133;na;
[Infra] SEPLAG Consig.;HWSER254;CONECTADO A;HWSWI132;na;
[Infra] SEPLAG Consig.;HWSER255;CONECTADO A;HWSWI133;na;
[Infra] SEPLAG Consig.;HWSER256;CONECTADO A;HWSWI132;na;
[Infra] SEPLAG Consig.;HWSER257;CONECTADO A;HWSWI133;na;
[Infra] SEPLAG Consig.;HWSER258;CONECTADO A;HWSWI132;na;
[Infra] SEPLAG Consig.;HWSER259;CONECTADO A;HWSWI133;na;
[Infra] SEPLAG Consig.;HWSER260;CONECTADO A;HWSWI132;na;
[Infra] SEPLAG Consig.;HWSER261;CONECTADO A;HWSWI133;na;
SEPLAG;SWVMW014;RODA EM;HWSWI113;na;
SEPLAG;HWSER014;CONECTADO A;HWSWI113;na;
SEPLAG;HWSER019;CONECTADO A;HWSWI113;na;
Web Sites;SWWEB004;;HWWEB004;WEB;
Web Sites;SWWEB019;;HWWEB019;WEB;
Web Sites;SWWEB024;;HWWEB024;WEB;
Web Sites;SWWEB052;;HWWEB052;WEB;
Web Sites;SWWEB070;;HWWEB070;WEB;
Web Sites;SWWEB071;;HWWEB071;WEB;
Web Sites;SWWEB072;;HWWEB072;WEB;
Web Sites;SWWEB078;;HWWEB078;WEB;
Web Sites;SWWEB100;;HWWEB100;WEB;
Web Sites;SWWEB102;;HWWEB102;WEB;
Internet;SWSVC032;;HWSER032;WEB;
Internet;SWSVC033;;HWSER033;WEB;
Internet;SWSVC034;;HWSER034;WEB;
Internet;SWSVC035;;HWSER035;WEB;
[Infra] Internet;HWROT022;CONECTADO A;HWSWI125;na;
[Infra] Internet;HWROT023;CONECTADO A;HWSWI125;na;
[Infra] Internet;HWSWI125;CONECTADO A;HWSEF001;na;
[Infra] Internet;HWSWI125;CONECTADO A;HWSEF002;na;
[Infra] Internet;HWSWI125;CONECTADO A;HWSEF003;na;
[Infra] Internet;HWSWI125;CONECTADO A;HWSEF004;na;
[Infra] Internet;HWROT006;CONECTADO A;HWSWI125;na;
[Infra] Internet;HWROT024;CONECTADO A;HWROT006;na;
[Infra] Internet;HWSEF001;CONECTADO A;HWSWI001;na;
[Infra] Internet;HWSEF002;CONECTADO A;HWSWI001;na;
[Infra] Internet;HWSEF003;CONECTADO A;HWSWI001;na;
[Infra] Internet;HWSEF004;CONECTADO A;HWSWI001;na;
[Infra] Servidores Linux;HWSER001;CONECTADO A;HWSWI001;na;
[Infra] Servidores Windows;HWSER003;CONECTADO A;HWSWI001;na;
[Infra] Servidores Linux;HWSER004;CONECTADO A;HWSWI001;na;
[Infra] Servidores Linux;HWSER005;CONECTADO A;HWSWI001;na;
[Infra] Servidores Linux;HWSER006;CONECTADO A;HWSWI001;na;
[Infra] Servidores Linux;HWSER007;CONECTADO A;HWSWI001;na;
[Infra] Servidores Windows;HWSER010;CONECTADO A;HWSWI001;na;
[Infra] Servidores Windows;HWSER012;CONECTADO A;HWSWI001;na;
[Infra] Servidores Windows;HWSER013;CONECTADO A;HWSWI001;na;
[Infra] Servidores Windows;HWSER014;CONECTADO A;HWSWI001;na;
[Infra] Servidores Windows;HWSER016;CONECTADO A;HWSWI001;na;
[Infra] Servidores Windows;HWSER017;CONECTADO A;HWSWI001;na;
[Infra] Servidores Windows;HWSER018;CONECTADO A;HWSWI001;na;
[Infra] Servidores Windows;HWSER019;CONECTADO A;HWSWI001;na;
[Infra] Servidores Windows;HWSER020;CONECTADO A;HWSWI001;na;
[Infra] Servidores Windows;HWSER021;CONECTADO A;HWSWI001;na;
[Infra] Servidores Windows;HWSER022;CONECTADO A;HWSWI001;na;
[Infra] Servidores Windows;HWSER023;CONECTADO A;HWSWI001;na;
[Infra] Servidores Windows;HWSER024;CONECTADO A;HWSWI001;na;
[Infra] Servidores Windows;HWSER025;CONECTADO A;HWSWI001;na;
[Infra] Servidores Windows;HWSER026;CONECTADO A;HWSWI001;na;
[Infra] Servidores Windows;HWSER027;CONECTADO A;HWSWI001;na;
[Infra] Servidores Windows;HWSER028;CONECTADO A;HWSWI001;na;
[Infra] Servidores Windows;HWSER029;CONECTADO A;HWSWI001;na;
[Infra] Servidores Windows;HWSER031;CONECTADO A;HWSWI001;na;
[Infra] Servidores Windows;HWSER036;CONECTADO A;HWSWI001;na;
[Infra] Servidores Windows;HWSER038;CONECTADO A;HWSWI001;na;
[Infra] Servidores Linux;HWSER039;CONECTADO A;HWSWI001;na;
[Infra] Servidores Windows;HWSER042;CONECTADO A;HWSWI001;na;
[Infra] Servidores Linux;HWSER043;CONECTADO A;HWSWI001;na;
[Infra] Servidores Linux;HWSER049;CONECTADO A;HWSWI001;na;
[Infra] Servidores Windows;HWSER053;CONECTADO A;HWSWI001;na;
[Infra] Servidores Windows;HWSER054;CONECTADO A;HWSWI001;na;
[Infra] Servidores Windows;HWSER055;CONECTADO A;HWSWI001;na;
[Infra] Servidores Linux;HWSER057;CONECTADO A;HWSWI001;na;
[Infra] Servidores Linux;HWSER058;CONECTADO A;HWSWI001;na;
[Infra] Servidores Windows;HWSER060;CONECTADO A;HWSWI001;na;
[Infra] Servidores Windows;HWSER063;CONECTADO A;HWSWI001;na;
[Infra] Servidores Windows;HWSER065;CONECTADO A;HWSWI001;na;
[Infra] Servidores Linux;HWSER066;CONECTADO A;HWSWI001;na;
[Infra] Servidores Windows;HWSER068;CONECTADO A;HWSWI001;na;
[Infra] Servidores Windows;HWSER069;CONECTADO A;HWSWI001;na;
[Infra] Servidores Windows;HWSER072;CONECTADO A;HWSWI001;na;
[Infra] Servidores Windows;HWSER076;CONECTADO A;HWSWI001;na;
[Infra] Servidores Windows;HWSER081;CONECTADO A;HWSWI001;na;
[Infra] Servidores Windows;HWSER082;CONECTADO A;HWSWI001;na;
[Infra] Servidores Windows;HWSER084;CONECTADO A;HWSWI001;na;
[Infra] Servidores Windows;HWSER086;CONECTADO A;HWSWI001;na;
[Infra] Servidores Linux;HWSER087;CONECTADO A;HWSWI001;na;
[Infra] Servidores Windows;HWSER088;CONECTADO A;HWSWI001;na;
[Infra] Servidores Windows;HWSER089;CONECTADO A;HWSWI001;na;
[Infra] Servidores Windows;HWSER090;CONECTADO A;HWSWI001;na;
[Infra] Servidores Windows;HWSER092;CONECTADO A;HWSWI001;na;
[Infra] Servidores Linux;HWSER103;CONECTADO A;HWSWI001;na;
[Infra] Servidores Linux;HWSER104;CONECTADO A;HWSWI001;na;
[Infra] Servidores Windows;HWSER105;CONECTADO A;HWSWI001;na;
[Infra] Servidores Windows;HWSER108;CONECTADO A;HWSWI001;na;
[Infra] Servidores Windows;HWSER109;CONECTADO A;HWSWI001;na;
[Infra] Servidores Windows;HWSER113;CONECTADO A;HWSWI001;na;
[Infra] Servidores Windows;HWSER114;CONECTADO A;HWSWI001;na;
[Infra] Servidores Windows;HWSER116;CONECTADO A;HWSWI001;na;
[Infra] Servidores Windows;HWSER117;CONECTADO A;HWSWI001;na;
[Infra] Servidores Linux;HWSER120;CONECTADO A;HWSWI001;na;
[Infra] Servidores Windows;HWSER123;CONECTADO A;HWSWI001;na;
[Infra] Servidores Windows;HWSER124;CONECTADO A;HWSWI001;na;
[Infra] Servidores Windows;HWSER127;CONECTADO A;HWSWI001;na;
[Infra] Servidores Windows;HWSER131;CONECTADO A;HWSWI001;na;
[Infra] Servidores Linux;HWSER134;CONECTADO A;HWSWI001;na;
[Infra] Servidores Windows;HWSER138;CONECTADO A;HWSWI001;na;
[Infra] Servidores Windows;HWSER139;CONECTADO A;HWSWI001;na;
[Infra] Servidores Windows;HWSER141;CONECTADO A;HWSWI001;na;
[Infra] Servidores Windows;HWSER142;CONECTADO A;HWSWI001;na;
[Infra] Servidores Windows;HWSER143;CONECTADO A;HWSWI001;na;
[Infra] Servidores Windows;HWSER144;CONECTADO A;HWSWI001;na;
[Infra] Servidores Windows;HWSER145;CONECTADO A;HWSWI001;na;
[Infra] Servidores Windows;HWSER146;CONECTADO A;HWSWI001;na;
[Infra] Servidores Windows;HWSER148;CONECTADO A;HWSWI001;na;
[Infra] Servidores Windows;HWSER154;CONECTADO A;HWSWI001;na;
[Infra] Servidores Windows;HWSER155;CONECTADO A;HWSWI001;na;
[Infra] Servidores Windows;HWSER156;CONECTADO A;HWSWI001;na;
[Infra] Servidores Linux;HWSER157;CONECTADO A;HWSWI001;na;
[Infra] Servidores Windows;HWSER158;CONECTADO A;HWSWI001;na;
[Infra] Servidores Linux;HWSER159;CONECTADO A;HWSWI001;na;
[Infra] Servidores Windows;HWSER160;CONECTADO A;HWSWI001;na;
[Infra] Servidores Windows;HWSER161;CONECTADO A;HWSWI001;na;
[Infra] Servidores Windows;HWSER162;CONECTADO A;HWSWI001;na;
[Infra] Servidores Windows;HWSER163;CONECTADO A;HWSWI001;na;
[Infra] Servidores Windows;HWSER164;CONECTADO A;HWSWI001;na;
[Infra] Servidores Windows;HWSER165;CONECTADO A;HWSWI001;na;
[Infra] Servidores Linux;HWSER166;CONECTADO A;HWSWI001;na;
[Infra] Servidores Windows;HWSER167;CONECTADO A;HWSWI001;na;
[Infra] Servidores Windows;HWSER169;CONECTADO A;HWSWI001;na;
[Infra] Servidores Windows;HWSER170;CONECTADO A;HWSWI001;na;
[Infra] Servidores Linux;HWSER171;CONECTADO A;HWSWI001;na;
[Infra] Servidores Linux;HWSER172;CONECTADO A;HWSWI001;na;
[Infra] Servidores Windows;HWSER182;CONECTADO A;HWSWI001;na;
[Infra] Servidores Windows;HWSER183;CONECTADO A;HWSWI001;na;
[Infra] Servidores Windows;HWSER184;CONECTADO A;HWSWI001;na;
[Infra] Servidores Windows;HWSER185;CONECTADO A;HWSWI001;na;
[Infra] Servidores Windows;HWSER186;CONECTADO A;HWSWI001;na;
[Infra] Servidores Linux;HWSER189;CONECTADO A;HWSWI001;na;
[Infra] Servidores Windows;HWSER190;CONECTADO A;HWSWI001;na;
[Infra] Servidores Windows;HWSER191;CONECTADO A;HWSWI001;na;
[Infra] Servidores Windows;HWSER193;CONECTADO A;HWSWI001;na;
[Infra] Servidores Windows;HWSER196;CONECTADO A;HWSWI001;na;
[Infra] Servidores Windows;HWSER198;CONECTADO A;HWSWI001;na;
[Infra] Servidores Linux;HWSER199;CONECTADO A;HWSWI001;na;
[Infra] Servidores Linux;HWSER235;CONECTADO A;HWSWI001;na;
[Infra] Servidores Windows;HWSER200;CONECTADO A;HWSWI001;na;
[Infra] Servidores Windows;HWSER201;CONECTADO A;HWSWI001;na;
[Infra] Servidores Windows;HWSER202;CONECTADO A;HWSWI001;na;
[Infra] Servidores Windows;HWSER204;CONECTADO A;HWSWI001;na;
[Infra] Servidores Linux;HWSER208;CONECTADO A;HWSWI001;na;
[Infra] Servidores Windows;HWSER302;CONECTADO A;HWSWI001;na;
[Infra] Servidores Windows;HWSER211;CONECTADO A;HWSWI001;na;
[Infra] Servidores Windows;HWSER213;CONECTADO A;HWSWI001;na;
[Infra] Servidores Windows;HWSER214;CONECTADO A;HWSWI001;na;
[Infra] Servidores Windows;HWSER215;CONECTADO A;HWSWI001;na;
[Infra] Servidores Windows;HWSER216;CONECTADO A;HWSWI001;na;
[Infra] Servidores Windows;HWSER217;CONECTADO A;HWSWI001;na;
[Infra] Servidores Linux;HWSER218;CONECTADO A;HWSWI001;na;
[Infra] Servidores Linux;HWSER219;CONECTADO A;HWSWI001;na;
[Infra] Servidores Linux;HWSER220;CONECTADO A;HWSWI001;na;
[Infra] Servidores Linux;HWSER221;CONECTADO A;HWSWI001;na;
[Infra] Servidores Linux;HWSER222;CONECTADO A;HWSWI001;na;
[Infra] Servidores Linux;HWSER223;CONECTADO A;HWSWI001;na;
[Infra] Servidores Linux;HWSER224;CONECTADO A;HWSWI001;na;
[Infra] Servidores Linux;HWSER225;CONECTADO A;HWSWI001;na;
[Infra] Servidores Linux;HWSER226;CONECTADO A;HWSWI001;na;
[Infra] Collocation;HWSWI011;CONECTADO A;HWSWI001;na;
[Infra] Collocation;HWSWI012;CONECTADO A;HWSWI001;na;
[Infra] Collocation;HWSER017;CONECTADO A;HWSWI011;na;
[Infra] Collocation;HWSER018;CONECTADO A;HWSWI011;na;
[Infra] Collocation;HWSER021;CONECTADO A;HWSWI011;na;
[Infra] Collocation;HWSER026;CONECTADO A;HWSWI011;na;
[Infra] Collocation;HWSER047;CONECTADO A;HWSWI011;na;
[Infra] Collocation;HWSER048;CONECTADO A;HWSWI011;na;
[Infra] Collocation;HWSER053;CONECTADO A;HWSWI011;na;
[Infra] Collocation;HWSER157;CONECTADO A;HWSWI011;na;
[Infra] Collocation;HWSER158;CONECTADO A;HWSWI011;na;
[Infra] Collocation;HWSER159;CONECTADO A;HWSWI011;na;
[Infra] Collocation;HWSER062;CONECTADO A;HWSWI011;na;
[Infra] Barreira Fiscal;HWSER246;CONECTADO A;HWSWI001;na;
[Infra] Barreira Fiscal;HWSER247;CONECTADO A;HWSWI001;na;
[Infra] Barreira Fiscal;HWSER248;CONECTADO A;HWSWI001;na;
[Infra] Barreira Fiscal;HWSER249;CONECTADO A;HWSWI001;na;
[Infra] Barreira Fiscal;HWSER250;CONECTADO A;HWSWI001;na;
M-CLIPPING;HWSER200;;HWSWI001;na;
M-CLIPPING;HWSER227;;HWSWI001;na;
M-CLIPPING;SWWEB238;;HWSER227;HTTP;
M-CLIPPING;SWWEB239;;HWSER228;HTTP;
M-CLIPPING;SWWEB240;;HWSER229;HTTP;
M-CLIPPING;SWWEB241;;HWSER227;HTTP_clip;
BILHETE UNICO;SWWEB242;;HWSER232;HTTPS_bilhete;
BILHETE UNICO;SWSVC036;;HWSER231;FTP;
BILHETE UNICO;HWSER231;CONECTADO A;HWSWI123;na;
BILHETE UNICO;HWSWI123;CONECTADO A;HWSWI113;na;
BILHETE UNICO;HWSWI113;CONECTADO A;HWSWI001;na;
BILHETE UNICO;HWSWI001;CONECTADO A;HWROT007;na;
BILHETE UNICO;HWROT007;CONECTADO A;HWROT040;na;
Video Conferencia;HWVIP004;CONECTADO A;HWROT041;na;
Video Conferencia;HWVIP004;CONECTADO A;HWROT042;na;
Video Conferencia;HWROT041;CONECTADO A;HWROT007;na;
Video Conferencia;HWROT042;CONECTADO A;HWROT007;na;
Video Conferencia;HWVIP005;CONECTADO A;HWROT043;na;
Video Conferencia;HWVIP005;CONECTADO A;HWROT044;na;
Video Conferencia;HWROT043;CONECTADO A;HWSWI125;na;
Video Conferencia;HWROT044;CONECTADO A;HWSWI125;na;
[Infra] GSI;HWSER012;CONECTADO A;HWSWI001;na;
[Infra] GSI;HWSER013;CONECTADO A;HWSWI001;na;
[Infra] GSI;HWSER230;CONECTADO A;HWSWI001;na;
[Infra] GSI;HWSER011;CONECTADO A;HWSWI001;na;
[Infra] GSI;HWSER042;CONECTADO A;HWSWI001;na;
[Infra] GSI;HWSER236;CONECTADO A;HWSWI001;na;
[Infra] GSI;HWSER048;CONECTADO A;HWSWI001;na;
[Infra] AS;HWROT047;CONECTADO A;HWROT047;na;
[Infra] Servidores Windows;HWSER238;CONECTADO A;HWSWI001;na;
[Infra] Servidores Windows;HWSER239;CONECTADO A;HWSWI001;na;
[Infra] Servidores Windows;HWSER240;CONECTADO A;HWSWI001;na;
[Infra] Servidores Windows;HWSER241;CONECTADO A;HWSWI001;na;
[Infra] Servidores Windows;HWSER242;CONECTADO A;HWSWI001;na;
[Infra] Servidores Windows;HWSER243;CONECTADO A;HWSWI001;na;
[Infra] Servidores Windows;HWSER244;CONECTADO A;HWSWI001;na;
[Infra] Servidores Windows;HWSER245;CONECTADO A;HWSWI001;na;
[Infra] Servidores Windows;HWSER135;CONECTADO A;HWSWI001;na;
Novo Portal;HWSER264;CONECTADO A;HWSWI001;na;
Novo Portal;HWSER265;CONECTADO A;HWSWI001;na;
Novo Portal;HWSER266;CONECTADO A;HWSWI001;na;
Novo Portal;HWSER267;CONECTADO A;HWSWI001;na;
Novo Portal;HWSER268;CONECTADO A;HWSWI001;na;
Novo Portal;HWSER269;CONECTADO A;HWSWI001;na;
Novo Portal;HWSER270;CONECTADO A;HWSWI001;na;
Novo Portal;HWSER271;CONECTADO A;HWSWI001;na;
Novo Portal;HWSER272;CONECTADO A;HWSWI001;na;
Novo Portal;HWSER273;CONECTADO A;HWSWI001;na;
Novo Portal;HWSER274;CONECTADO A;HWSWI001;na;
Novo Portal;HWSER275;CONECTADO A;HWSWI001;na;
Novo Portal;HWSER276;CONECTADO A;HWSWI001;na;
Novo Portal;HWSER277;CONECTADO A;HWSWI001;na;
Novo Portal;HWSER279;CONECTADO A;HWSWI001;na;
Novo Portal;HWSER301;CONECTADO A;HWSWI001;na;
Novo Portal;SWWEB244;RODA EM;HWSER266;WEB;
Novo Portal;SWWEB245;RODA EM;HWSER267;WEB;
Rio Previdencia;HWSER280;CONECTADO A;HWSWI001;na;
Rio Previdencia;HWSER281;CONECTADO A;HWSWI001;na;
Rio Previdencia;HWSER282;CONECTADO A;HWSWI001;na;
Rio Previdencia;HWSER283;CONECTADO A;HWSWI001;na;
Rio Previdencia;HWSER284;CONECTADO A;HWSWI001;na;
